task;model_name;train_epochs;train_batch;train_lr;train_maxlen;precision;use_lora;eval_style;avg_val_loss;accuracy;mcc;f1;training_time
sst;Qwen/Qwen3-4B;2;2;2e-05;1024;fp16;True;standard;0.6068143844604492;0.7553648068669528;0.5086245075800762;0.7496090045591008;1h:59m:53s
sst;/project/c_racka1/racka_komondor/runs/eval_hulu_racka/legelo2_step_299999;2;2;2e-05;1024;fp16;True;standard;1.0661722421646118;0.4566523605150214;0.1468937777271683;0.5079525253261796;2h:0m:9s
sst;/project/c_racka1/racka_komondor/runs/eval_hulu_racka/legelo2_step_299999;5;2;2e-05;1024;fp16;True;standard;1.075686812400818;0.4454935622317597;0.1616224289937892;0.5091011665450509;5h:0m:38s
sst;elte-nlp/Racka-4B;4;2;2e-05;1024;fp16;True;standard;0.5759497284889221;0.7648068669527897;0.5254671567342406;0.7580179845593505;3h:59m:2s
sst;Qwen/Qwen3-4B;4;2;2e-05;1024;fp16;True;standard;0.6023337244987488;0.7553648068669528;0.5118907296108736;0.7530414827512769;3h:59m:35s
