task;model_name;train_epochs;train_batch;train_lr;train_maxlen;precision;use_lora;eval_style;avg_val_loss;accuracy;mcc;f1;training_time
cb;Qwen/Qwen3-4B;2;2;2e-05;1024;fp16;True;standard;0.9614296555519104;0.6019417475728155;0.4548938151320818;0.599800225647072;0h:3m:31s
cb;Qwen/Qwen3-4B;3;2;2e-05;1024;fp16;True;standard;0.8223271369934082;0.6601941747572816;0.5122858678257858;0.66975270402877;0h:5m:2s
cb;elte-nlp/Racka-4B;3;2;2e-05;1024;fp16;True;standard;1.1688673496246338;0.4271844660194174;0.1925214012667798;0.4097158504925495;0h:5m:3s
cb;Qwen/Qwen3-4B;4;2;2e-05;1024;fp16;True;standard;0.9532056450843812;0.5339805825242718;0.3264538667143199;0.5276547003322045;0h:6m:52s
cb;elte-nlp/Racka-4B;4;2;2e-05;1024;fp16;True;standard;1.3147789239883425;0.4563106796116505;0.1944309808062132;0.4326650336174193;0h:6m:45s
cb;Qwen/Qwen3-4B;4;2;2e-05;1024;fp16;True;standard;0.9301960468292236;0.6019417475728155;0.4542729330995591;0.6104342259682066;0h:6m:46s
