task;model_name;train_epochs;train_batch;train_lr;train_maxlen;precision;use_lora;eval_style;avg_val_loss;accuracy;mcc;f1;training_time
rte;/project/c_racka1/racka_komondor/runs/eval_hulu_racka/legelo2_step_299999;3;2;2e-05;1024;fp16;True;standard;0.710659921169281;0.5308641975308642;0.0395284707521047;0.5270476985120289;0h:39m:15s
rte;elte-nlp/Racka-4B;3;2;2e-05;1024;fp16;True;standard;0.3591399490833282;0.8600823045267489;0.7166666666666667;0.8600823045267489;0h:39m:25s
rte;Qwen/Qwen3-4B;3;2;2e-05;1024;fp16;True;standard;0.2589943706989288;0.9135802469135802;0.8265176234614987;0.9137425652409004;0h:39m:18s
rte;elte-nlp/Racka-4B;4;2;2e-05;1024;fp16;True;standard;0.3154819309711456;0.897119341563786;0.791335061857001;0.8969601082277139;0h:52m:28s
rte;Qwen/Qwen3-4B;4;2;2e-05;1024;fp16;True;standard;0.28604668378829956;0.9094650205761317;0.8164403541893108;0.9093748091136766;0h:52m:25s
