task;model_name;train_epochs;train_batch;train_lr;train_maxlen;precision;use_lora;eval_style;avg_val_loss;accuracy;mcc;f1;training_time
wnli;/project/c_racka1/racka_komondor/runs/eval_hulu_racka/legelo2_step_299999;3;2;2e-05;1024;fp16;True;standard;0.7811879515647888;0.4666666666666667;-0.0849411985729376;0.4642533936651584;0h:10m:12s
wnli;elte-nlp/Racka-4B;3;2;2e-05;1024;fp16;True;standard;0.7921758890151978;0.4166666666666667;-0.167506302543202;0.4181286549707602;0h:10m:5s
wnli;Qwen/Qwen3-4B;3;2;2e-05;1024;fp16;True;standard;0.7536661028862;0.3333333333333333;-0.3567530340063379;0.3303167420814479;0h:10m:4s
wnli;Qwen/Qwen3-4B;4;2;2e-05;1024;fp16;True;standard;0.8143176436424255;0.3166666666666666;-0.3553345272593507;0.2991551675584342;0h:13m:24s
wnli;elte-nlp/Racka-4B;4;2;2e-05;1024;fp16;True;standard;0.839813232421875;0.35;-0.2907064859628164;0.3487357599333148;0h:13m:28s
wnli;Qwen/Qwen3-4B;4;2;2e-05;1024;fp16;True;standard;0.8147415518760681;0.26666666666666666;-0.4659264410351009;0.26829810901001117;0h:13m:27s
